mean_fit_time,std_fit_time,mean_score_time,std_score_time,param_colsample_bytree,param_learning_rate,param_max_depth,param_n_estimators,param_subsample,params,split0_test_score,split1_test_score,split2_test_score,split3_test_score,split4_test_score,mean_test_score,std_test_score,rank_test_score,split0_train_score,split1_train_score,split2_train_score,split3_train_score,split4_train_score,mean_train_score,std_train_score
2.347130870819092,0.01717104255393736,0.09891366958618164,0.0011807511767496991,0.8,0.01,4,100,0.8,"{'colsample_bytree': 0.8, 'learning_rate': 0.01, 'max_depth': 4, 'n_estimators': 100, 'subsample': 0.8}",0.7654761904761904,0.7694258846820095,0.7589351851851852,0.7773253350283383,0.7773623926185174,0.7697049975980481,0.007080322226467086,48,0.774326825792639,0.7780430889467996,0.776429053107047,0.7765290752132857,0.7748821603755047,0.7760420406870552,0.001317456629414747
2.056086301803589,0.017122817659469068,0.10095930099487305,0.001474312736624795,0.8,0.01,4,100,1.0,"{'colsample_bytree': 0.8, 'learning_rate': 0.01, 'max_depth': 4, 'n_estimators': 100, 'subsample': 1.0}",0.8565112915266891,0.8609574581796804,0.8504655921719192,0.8609198163570362,0.8669098391320613,0.8591527994734772,0.005458863268313131,41,0.8655751767720207,0.8643196294997662,0.8629661238308035,0.8625080352968677,0.8656800250611645,0.8642097980921246,0.001302352601848254
4.779495716094971,0.028802131139334334,0.20121421813964843,0.005871701568480411,0.8,0.01,4,200,0.8,"{'colsample_bytree': 0.8, 'learning_rate': 0.01, 'max_depth': 4, 'n_estimators': 200, 'subsample': 0.8}",0.9128400921817494,0.90868993993994,0.8947631546056742,0.9146373666294982,0.9127241022549705,0.9087309311223665,0.007250062921153359,36,0.9171669749827887,0.9086849507735583,0.9086849507735583,0.9138595551717722,0.9143348651087679,0.912546259362089,0.0033494559940349888
4.122342300415039,0.024965687738687334,0.2039943218231201,0.008099685737469078,0.8,0.01,4,200,1.0,"{'colsample_bytree': 0.8, 'learning_rate': 0.01, 'max_depth': 4, 'n_estimators': 200, 'subsample': 1.0}",0.9118486481561031,0.90868993993994,0.90868993993994,0.9086520434945632,0.9086520434945632,0.9093065230050218,0.001271175557920456,35,0.9145394746961323,0.9086849507735583,0.9086849507735583,0.908959585046642,0.9086944288126055,0.9099126780204994,0.0023157889892112885
2.38741397857666,0.012417820214774859,0.10468988418579102,0.0011049385043868363,0.8,0.01,6,100,0.8,"{'colsample_bytree': 0.8, 'learning_rate': 0.01, 'max_depth': 6, 'n_estimators': 100, 'subsample': 0.8}",0.7695630229262517,0.7776852224785292,0.7676349580236135,0.7860266333341716,0.7856217304150371,0.7773063134355206,0.0077308133356752675,46,0.7828080687842798,0.7867979575819101,0.7837977865592092,0.7851706782807552,0.782364472100706,0.7841877926613721,0.0016222987182937425
2.1060691356658934,0.010740280017359941,0.10760965347290039,0.005787057736407944,0.8,0.01,6,100,1.0,"{'colsample_bytree': 0.8, 'learning_rate': 0.01, 'max_depth': 6, 'n_estimators': 100, 'subsample': 1.0}",0.8606028505392912,0.869227035564601,0.8591761522790935,0.8696319384837355,0.875179416516982,0.8667634786767406,0.006010757769986111,38,0.8740677231707332,0.8718110978757196,0.8716973656438324,0.8698857714409338,0.8744445492281708,0.8723813014718779,0.0016805701379899488
4.803938913345337,0.027676204578459377,0.20617928504943847,0.0018998258689556836,0.8,0.01,6,200,0.8,"{'colsample_bytree': 0.8, 'learning_rate': 0.01, 'max_depth': 6, 'n_estimators': 200, 'subsample': 0.8}",0.9142896077508134,0.9169639807579143,0.9064467068878833,0.9178089589956794,0.9194466205335771,0.9149911749851734,0.0045865672573624965,33,0.9180472335753872,0.91617974239483,0.9215648954687871,0.9169784309319571,0.9217958033959905,0.9189132211533904,0.002336917237302111
4.176281595230103,0.02534683837180404,0.20812129974365234,0.0026627921708692894,0.8,0.01,6,200,1.0,"{'colsample_bytree': 0.8, 'learning_rate': 0.01, 'max_depth': 6, 'n_estimators': 200, 'subsample': 1.0}",0.9142050973436379,0.9178485297358177,0.9174083635544082,0.9185764793156243,0.9194466205335771,0.9174970180966131,0.0017851805785288918,31,0.9181560976384455,0.9171915271264832,0.9160659542787073,0.919450248126127,0.9217958033959905,0.9185319261131507,0.001975608453670989
2.416774940490723,0.03289746528145803,0.11339259147644043,0.004494786131936853,0.8,0.01,8,100,0.8,"{'colsample_bytree': 0.8, 'learning_rate': 0.01, 'max_depth': 8, 'n_estimators': 100, 'subsample': 0.8}",0.7725012045887388,0.7790031055027259,0.7723214174107284,0.7893708037158192,0.7890257540286644,0.7804444570493353,0.007542875440596328,45,0.7859271220395853,0.7883596645748469,0.7899743171745953,0.7898582640059449,0.788771039420539,0.7885780814431023,0.001462933086685419
2.165918731689453,0.026423608050565168,0.11261858940124511,0.0019533980365452723,0.8,0.01,8,100,1.0,"{'colsample_bytree': 0.8, 'learning_rate': 0.01, 'max_depth': 8, 'n_estimators': 100, 'subsample': 1.0}",0.8636370967741934,0.8712997631848438,0.8640329165807566,0.872208363031599,0.878588840736728,0.8699533960616241,0.005593142214796895,37,0.8769446149416141,0.8740291502651578,0.8778596651701629,0.8742125540437423,0.8808622430249633,0.8767816454891282,0.0025304712026553424
4.854567813873291,0.04158179441439507,0.21612305641174318,0.001343922421493345,0.8,0.01,8,200,0.8,"{'colsample_bytree': 0.8, 'learning_rate': 0.01, 'max_depth': 8, 'n_estimators': 200, 'subsample': 0.8}",0.9233258883362557,0.9245695790346007,0.9119907486196203,0.9252615970304611,0.9226747569707779,0.9215645139983432,0.004872184343011717,29,0.9264327259867561,0.9248683754925816,0.9263179735026151,0.9261155534872939,0.9264523164452406,0.9260373889828974,0.0005966382570066449
4.246635246276855,0.05612141764731576,0.21997880935668945,0.004087577159493964,0.8,0.01,8,200,1.0,"{'colsample_bytree': 0.8, 'learning_rate': 0.01, 'max_depth': 8, 'n_estimators': 200, 'subsample': 1.0}",0.9234482003259014,0.9245695790346007,0.9259213408162323,0.9259786860949862,0.9223167252803647,0.9244469063104171,0.001419185673681543,27,0.9262113666518171,0.9628293460689156,0.9260964965050609,0.9258448583596307,0.9253912056938832,0.9332746546558616,0.014780029884451762
2.244574022293091,0.030037804752012547,0.08490328788757324,0.005245677526939587,0.8,0.1,4,100,0.8,"{'colsample_bytree': 0.8, 'learning_rate': 0.1, 'max_depth': 4, 'n_estimators': 100, 'subsample': 0.8}",0.9690625,0.9723331204088151,0.9695964621337755,0.9725841625891106,0.9679889139095791,0.9703130318082561,0.0018285304966912498,22,0.9724551700422192,0.9721365876646965,0.9727506592121803,0.9729256530425898,0.9738088860388916,0.9728153912001154,0.0005646084344280009
1.9818000793457031,0.01992048964522543,0.08733606338500977,0.004153861719297461,0.8,0.1,4,100,1.0,"{'colsample_bytree': 0.8, 'learning_rate': 0.1, 'max_depth': 4, 'n_estimators': 100, 'subsample': 1.0}",0.9664247706938847,0.9692346809051614,0.9679076479076479,0.9708226987572454,0.967259198015709,0.9683297992559297,0.0015483469457070465,24,0.970645553541856,0.9693302896826673,0.9692797641217442,0.9704620133106131,0.9713578366025519,0.9702150914518863,0.0008012297897496999
4.212068939208985,0.04686934010817235,0.15464816093444825,0.007071125392550511,0.8,0.1,4,200,0.8,"{'colsample_bytree': 0.8, 'learning_rate': 0.1, 'max_depth': 4, 'n_estimators': 200, 'subsample': 0.8}",0.9723921568627452,0.9746438831569645,0.9715674110835401,0.9727749131853098,0.9722896986054881,0.9727336125788095,0.0010319415653198183,3,0.9780902223594543,0.9780220191601402,0.9793014770019163,0.9781764860736123,0.9794089691728752,0.9785998347535998,0.000619645077481896
3.6212130546569825,0.051670468719510705,0.1576568603515625,0.006995274292771733,0.8,0.1,4,200,1.0,"{'colsample_bytree': 0.8, 'learning_rate': 0.1, 'max_depth': 4, 'n_estimators': 200, 'subsample': 1.0}",0.9730085348506402,0.9738847515195626,0.9713541666666666,0.9722844344904815,0.9702425913889718,0.9721548957832645,0.0012677504499718716,14,0.9763322097109661,0.9771378552401937,0.9765783426729032,0.9761786005964564,0.9785083311080367,0.9769470678657113,0.0008459897749124764
2.320445489883423,0.031065733200939645,0.09252567291259765,0.0034681035687963734,0.8,0.1,6,100,0.8,"{'colsample_bytree': 0.8, 'learning_rate': 0.1, 'max_depth': 6, 'n_estimators': 100, 'subsample': 0.8}",0.9732591616649587,0.9738234649466136,0.9708205699643152,0.9733769664740674,0.9710525071057238,0.9724665340311358,0.001265470439281487,8,0.977741745934268,0.9778378578571164,0.9771305490187873,0.978037371094905,0.979604099781963,0.978070324737408,0.0008244677205892643
1.9964282512664795,0.016739062231213703,0.0930755615234375,0.002585288277576631,0.8,0.1,6,100,1.0,"{'colsample_bytree': 0.8, 'learning_rate': 0.1, 'max_depth': 6, 'n_estimators': 100, 'subsample': 1.0}",0.9713746403503949,0.9739820742637644,0.9695632469050403,0.9725265593064258,0.9683941737764328,0.9711681389204116,0.002003833421385435,21,0.9756806147925811,0.9760548657093594,0.9753028293462735,0.9743911456718269,0.9764292788331682,0.9755717468706419,0.00069953597892618
4.384028196334839,0.03559397050199069,0.1644951343536377,0.0035168434994489405,0.8,0.1,6,200,0.8,"{'colsample_bytree': 0.8, 'learning_rate': 0.1, 'max_depth': 6, 'n_estimators': 200, 'subsample': 0.8}",0.9730838158257513,0.9728800611153553,0.9724277645200612,0.9725271114032205,0.9714667175281327,0.9724770940785042,0.0005579049422651924,7,0.9813343995350569,0.9813163631832454,0.9816880029351767,0.9815595985446088,0.9817188441323722,0.981523441666092,0.00017040438981409022
3.703576755523682,0.0179326452393942,0.16445488929748536,0.0037554573469298033,0.8,0.1,6,200,1.0,"{'colsample_bytree': 0.8, 'learning_rate': 0.1, 'max_depth': 6, 'n_estimators': 200, 'subsample': 1.0}",0.9734207313154681,0.9744079449961802,0.9731412984551552,0.9730820105820106,0.9711943368573106,0.973049264441225,0.001042525721514471,1,0.9801507392976304,0.9801385974950728,0.9812065619453613,0.9801950918271051,0.98089635740418,0.98051746959387,0.00044729561670478864
2.394887924194336,0.06464147164964895,0.0965841293334961,0.0013348852349529825,0.8,0.1,8,100,0.8,"{'colsample_bytree': 0.8, 'learning_rate': 0.1, 'max_depth': 8, 'n_estimators': 100, 'subsample': 0.8}",0.973223418718574,0.972590272285867,0.9716723608082821,0.9732729978189526,0.9704823369565218,0.9722482773176395,0.0010552856106946463,13,0.9808457426085161,0.980500839076527,0.9816032084137656,0.981157641765097,0.9815595985446088,0.9811334060817029,0.00042091160707257564
2.0440032482147217,0.014067712395539101,0.09699826240539551,0.0014072853244133485,0.8,0.1,8,100,1.0,"{'colsample_bytree': 0.8, 'learning_rate': 0.1, 'max_depth': 8, 'n_estimators': 100, 'subsample': 1.0}",0.9727002706211084,0.9729478103536108,0.9720087145969499,0.9734244527135187,0.9716032608695652,0.9725369018309505,0.0006532915036456356,4,0.9788697037829343,0.9791319724621012,0.9796852863792754,0.9790767371969578,0.9803935647641695,0.9794314529170876,0.0005515731152929348
4.5131841659545895,0.0321364416470822,0.1754770278930664,0.0017268961473600277,0.8,0.1,8,200,0.8,"{'colsample_bytree': 0.8, 'learning_rate': 0.1, 'max_depth': 8, 'n_estimators': 200, 'subsample': 0.8}",0.9731864095500459,0.9724637993914413,0.9712160399960142,0.9723791588198368,0.9721282629846607,0.9722747341483998,0.0006356239967465145,12,0.982351710388662,0.9822983795865152,0.9821945006123647,0.9829221607211274,0.9827854404326654,0.9825104383482669,0.00028813940907149947
3.8503201007843018,0.02008648436375349,0.17130727767944337,0.004369034799393551,0.8,0.1,8,200,1.0,"{'colsample_bytree': 0.8, 'learning_rate': 0.1, 'max_depth': 8, 'n_estimators': 200, 'subsample': 1.0}",0.9728054663759508,0.9724637993914413,0.9717755730413958,0.9737097751023279,0.9717171717171716,0.9724943571256576,0.0007342521797997335,6,0.9816650205434577,0.9817037088373431,0.9819653466371333,0.9820584097384861,0.9824116286371294,0.98196082287871,0.00027069397600390445
2.3310710906982424,0.0564849722193139,0.09607410430908203,0.0017889607196056305,1.0,0.01,4,100,0.8,"{'colsample_bytree': 1.0, 'learning_rate': 0.01, 'max_depth': 4, 'n_estimators': 100, 'subsample': 0.8}",0.7729537449017426,0.7694258846820095,0.7514578158307348,0.7773253350283383,0.7773623926185174,0.7697050346122685,0.009594760513495613,47,0.7760997663558911,0.7766922699529252,0.7779560288294977,0.7780616616338604,0.7794897530317098,0.7776598959607768,0.0011804907206039586
1.9973011016845703,0.024311948122675796,0.09664034843444824,0.004788312826219656,1.0,0.01,4,100,1.0,"{'colsample_bytree': 1.0, 'learning_rate': 0.01, 'max_depth': 4, 'n_estimators': 100, 'subsample': 1.0}",0.8565112915266891,0.8529833084205282,0.8396764432029795,0.8609198163570362,0.8524740622505985,0.8525129843515662,0.007094516092785778,42,0.8636718179259679,0.8609787781898689,0.859382642936795,0.8606227102865788,0.8618607231209577,0.8613033344920336,0.0014267472104872636
4.652519035339355,0.048596108403791666,0.1848362445831299,0.0022904086975538934,1.0,0.01,4,200,0.8,"{'colsample_bytree': 1.0, 'learning_rate': 0.01, 'max_depth': 4, 'n_estimators': 200, 'subsample': 0.8}",0.9128400921817494,0.9169639807579143,0.9034799947881598,0.9146373666294982,0.9127241022549705,0.9121291073224584,0.004589859081911926,34,0.9171669749827887,0.91617974239483,0.9160659542787073,0.9138595551717722,0.9143348651087679,0.9155214183873731,0.001233488092751359
4.023702335357666,0.05853875536052999,0.18672327995300292,0.0012867015386317116,1.0,0.01,4,200,1.0,"{'colsample_bytree': 1.0, 'learning_rate': 0.01, 'max_depth': 4, 'n_estimators': 200, 'subsample': 1.0}",0.9545454545454546,0.9156048234151547,0.8981975655430712,0.9146373666294982,0.9127241022549705,0.9191418624776299,0.018793970734460375,30,0.957620379418595,0.9502653627544757,0.9490549750113585,0.9125872283757502,0.9143348651087679,0.9367725621337895,0.019266164314672048
2.3676404476165773,0.04259832527415947,0.10014262199401855,0.007762704321381313,1.0,0.01,6,100,0.8,"{'colsample_bytree': 1.0, 'learning_rate': 0.01, 'max_depth': 6, 'n_estimators': 100, 'subsample': 0.8}",0.778152018478682,0.7776852224785292,0.760156068330074,0.7860266333341716,0.8190323279666009,0.7842104541176116,0.019358502892796295,44,0.7855430297296281,0.7841745816781267,0.7853250801547498,0.7854313495091683,0.8270888152862893,0.7935125712715925,0.016795338401670225
2.042028379440308,0.01753566254627763,0.10205845832824707,0.003756100547789045,1.0,0.01,6,100,1.0,"{'colsample_bytree': 1.0, 'learning_rate': 0.01, 'max_depth': 6, 'n_estimators': 100, 'subsample': 1.0}",0.8606028505392912,0.8612514080901178,0.8483838951253767,0.8696319384837355,0.8607377587427555,0.8601215701962553,0.00678392178305253,40,0.8721636017862059,0.8684692550843099,0.8667590798858429,0.8679997962821098,0.8693515302288649,0.8689486526534667,0.001812323790847378
4.711090612411499,0.04448087013617425,0.19221057891845703,0.001794815250968315,1.0,0.01,6,200,0.8,"{'colsample_bytree': 1.0, 'learning_rate': 0.01, 'max_depth': 6, 'n_estimators': 200, 'subsample': 0.8}",0.9154167120096409,0.9178485297358177,0.9064467068878833,0.9189917579016255,0.9202239523747799,0.9157855317819494,0.004931229101826318,32,0.9202646840400717,0.917302600731135,0.9215648954687871,0.9198685987482372,0.922742492049441,0.9203486542075344,0.00182896956962259
4.119189882278443,0.02204564471303595,0.19341893196105958,0.004967734628572476,1.0,0.01,6,200,1.0,"{'colsample_bytree': 1.0, 'learning_rate': 0.01, 'max_depth': 6, 'n_estimators': 200, 'subsample': 1.0}",0.9558654301766737,0.9178485297358177,0.9098788378679683,0.9189917579016255,0.9202239523747799,0.924561701611373,0.0160649738736014,26,0.9602631367800405,0.9539582697176069,0.9619381263591995,0.9198685987482372,0.923022706247225,0.9438101675704619,0.018480391385361877
2.4128300666809084,0.04148397097881824,0.1129981517791748,0.014678634302031946,1.0,0.01,8,100,0.8,"{'colsample_bytree': 1.0, 'learning_rate': 0.01, 'max_depth': 8, 'n_estimators': 100, 'subsample': 0.8}",0.7807228086412521,0.7797549603174603,0.7646321184057033,0.7893231280020133,0.8229357537153629,0.7874737538163583,0.019431258136233868,43,0.7883833817378121,0.7863895271074114,0.7918200460974627,0.7893693666140096,0.8337195808014859,0.7979363804716363,0.017976820107477146
2.0933377265930178,0.014473426954606647,0.10173077583312988,0.0017936951564302204,1.0,0.01,8,100,1.0,"{'colsample_bytree': 1.0, 'learning_rate': 0.01, 'max_depth': 8, 'n_estimators': 100, 'subsample': 1.0}",0.8636370967741934,0.862570890571655,0.8532383539387519,0.8744898637105653,0.8642559723453641,0.8636384354681059,0.0067444228279559685,39,0.8743054634815416,0.8700327432093805,0.8729199835913733,0.8738071167001239,0.8755421855841368,0.8733214985133113,0.0018500048016300242
4.870959377288818,0.028467042258351095,0.20116472244262695,0.0044489201113391144,1.0,0.01,8,200,0.8,"{'colsample_bytree': 1.0, 'learning_rate': 0.01, 'max_depth': 8, 'n_estimators': 200, 'subsample': 0.8}",0.9230885162013914,0.9246991807475679,0.9109259229808221,0.9261905947165804,0.9236332422044412,0.9217074913701607,0.005493748879221977,28,0.9274371150111872,0.9266039046965271,0.9285550765149209,0.9273515798988118,0.9291416769157355,0.9278178706074364,0.0009090710394459801
4.247295665740967,0.034843325653030555,0.20143489837646483,0.005511264049717486,1.0,0.01,8,200,1.0,"{'colsample_bytree': 1.0, 'learning_rate': 0.01, 'max_depth': 8, 'n_estimators': 200, 'subsample': 1.0}",0.9673879804079094,0.9232509326628544,0.9133237988309096,0.9223656788854631,0.9240040702291809,0.9300664922032634,0.01905633018693001,25,0.9691724722941845,0.9622411263093217,0.9679287895093215,0.9239818756536985,0.928278106542383,0.9503204740617818,0.019935597769938543
2.327387046813965,0.06620168727684206,0.08609437942504883,0.003430501176552283,1.0,0.1,4,100,0.8,"{'colsample_bytree': 1.0, 'learning_rate': 0.1, 'max_depth': 4, 'n_estimators': 100, 'subsample': 0.8}",0.9696176251141192,0.9739965623491517,0.9701533034866369,0.9723053345982632,0.9714239008937762,0.9714993452883895,0.0015648707946148257,20,0.9742733926429755,0.9757099707415557,0.9754224270353302,0.9737890625,0.9768938030057112,0.9752177311851146,0.0010978421028376767
1.9736082077026367,0.006434503378730883,0.08789386749267578,0.004932273881388258,1.0,0.1,4,100,1.0,"{'colsample_bytree': 1.0, 'learning_rate': 0.1, 'max_depth': 4, 'n_estimators': 100, 'subsample': 1.0}",0.9672456575682382,0.9699875981810665,0.9675172083931208,0.9698486723136956,0.9677058498980052,0.9684609972708254,0.0011995155652841409,23,0.9720391035558817,0.9699278376690881,0.9692590738131557,0.9720226450373088,0.9722707072820657,0.9711038734715001,0.0012543240115961002
4.243087482452393,0.03840746851117054,0.1498056411743164,0.0006506171855119282,1.0,0.1,4,200,0.8,"{'colsample_bytree': 1.0, 'learning_rate': 0.1, 'max_depth': 4, 'n_estimators': 200, 'subsample': 0.8}",0.9716723608082821,0.972590272285867,0.9721877029054994,0.9731349606868279,0.9720340944964748,0.9723238782365902,0.0005011614164709521,11,0.9793381682811196,0.9793119793119794,0.9804083066104196,0.9794236193041015,0.9804775678127999,0.9797919282640841,0.0005332775010000372
3.561658430099487,0.024424948608219407,0.15193114280700684,0.0020764187732578146,1.0,0.1,4,200,1.0,"{'colsample_bytree': 1.0, 'learning_rate': 0.1, 'max_depth': 4, 'n_estimators': 200, 'subsample': 1.0}",0.972590272285867,0.9745502146184055,0.9719502045297587,0.9723256134546457,0.9735157318741451,0.9729864073525644,0.0009373329686326553,2,0.9770788470002486,0.9781982051518021,0.9781578633396397,0.9768435624760455,0.9793339090918926,0.9779224774119257,0.0008943535563846053
2.3234721660614013,0.02305905300394327,0.08950691223144532,0.0007779063204348541,1.0,0.1,6,100,0.8,"{'colsample_bytree': 1.0, 'learning_rate': 0.1, 'max_depth': 6, 'n_estimators': 100, 'subsample': 0.8}",0.972498090145149,0.9728055652048381,0.9715674110835401,0.9736937825848827,0.9716636851520573,0.9724457068340934,0.0007839510794169686,9,0.9796422345980093,0.9792207104372016,0.9808682055162783,0.9795601553100285,0.9807984213721919,0.9800179454467418,0.0006809403744263093
2.0173247337341307,0.027563229716779762,0.09014134407043457,0.0012196873875741268,1.0,0.1,6,100,1.0,"{'colsample_bytree': 1.0, 'learning_rate': 0.1, 'max_depth': 6, 'n_estimators': 100, 'subsample': 1.0}",0.9708354856257343,0.9732025642529426,0.9716494845360825,0.9723130404171525,0.9707231792226768,0.9717447508109178,0.0009303354726453892,19,0.9756697470728316,0.9764928886694128,0.9759710560447813,0.9765622535935191,0.9782932020792453,0.9765978294919581,0.0009100272920400499
4.404434490203857,0.039652764697506906,0.16163315773010253,0.0009395018909868228,1.0,0.1,6,200,0.8,"{'colsample_bytree': 1.0, 'learning_rate': 0.1, 'max_depth': 6, 'n_estimators': 200, 'subsample': 0.8}",0.9721288850295533,0.9726366969205412,0.9706996454207385,0.972279014563679,0.9720789174399632,0.971964631874895,0.0006619273251625358,16,0.981901082528481,0.9818811078729207,0.9821523663715636,0.9822444172890273,0.9825815189082197,0.9821520985940424,0.0002566591730215817
3.7316025733947753,0.030330553577810462,0.16073107719421387,0.001064605278307151,1.0,0.1,6,200,1.0,"{'colsample_bytree': 1.0, 'learning_rate': 0.1, 'max_depth': 6, 'n_estimators': 200, 'subsample': 1.0}",0.9736572015053028,0.9724277645200612,0.9717755730413958,0.9722659943271351,0.9718005801794508,0.9723854227146692,0.0006851911668331014,10,0.9810592724135265,0.9811109419022825,0.9810468009600117,0.9809145644057922,0.9813718782073213,0.9811006915777869,0.00015027330248415307
2.460403394699097,0.01722223078260805,0.09276275634765625,0.002713000508683053,1.0,0.1,8,100,0.8,"{'colsample_bytree': 1.0, 'learning_rate': 0.1, 'max_depth': 8, 'n_estimators': 100, 'subsample': 0.8}",0.972627021867703,0.9726022658479634,0.9717755730413958,0.9725554944046965,0.9711572401042105,0.9721435190531938,0.0005868692727347651,15,0.9814708801519448,0.981565175927253,0.9819161729294578,0.9820890953904508,0.9819786035811409,0.9818039855960496,0.00024180749705540709
2.078731632232666,0.03624066529302676,0.08938217163085938,0.0021401313944561496,1.0,0.1,8,100,1.0,"{'colsample_bytree': 1.0, 'learning_rate': 0.1, 'max_depth': 8, 'n_estimators': 100, 'subsample': 1.0}",0.9725306149178145,0.9726693729003358,0.9722520495645209,0.9730970249262931,0.9721143498806906,0.9725326824379309,0.00034378130822031394,5,0.9804612192025924,0.9804633213877224,0.9816211686595545,0.9804259310393192,0.9813066150103431,0.9808556510599065,0.0005066643934199642
4.61752405166626,0.05383819161197672,0.17568821907043458,0.00778090356642396,1.0,0.1,8,200,0.8,"{'colsample_bytree': 1.0, 'learning_rate': 0.1, 'max_depth': 8, 'n_estimators': 200, 'subsample': 0.8}",0.9724980388702215,0.9729045501197401,0.9706463199657157,0.9713168187744459,0.9724039392089184,0.9719539333878083,0.000838808211482266,17,0.9824593466485293,0.9826056054445801,0.9820264441510744,0.9832735787084855,0.9829366986305796,0.9826603347166497,0.00042371073914140937
3.363081169128418,0.6319684867746941,0.13699660301208497,0.03446446910109249,1.0,0.1,8,200,1.0,"{'colsample_bytree': 1.0, 'learning_rate': 0.1, 'max_depth': 8, 'n_estimators': 200, 'subsample': 1.0}",0.9718005801794508,0.9724277645200612,0.9708092087124345,0.9729716447982701,0.9713905773482169,0.9718799551116867,0.0007594959310561226,18,0.9821280484708987,0.9823376224476151,0.9822628402305851,0.9823837456354848,0.98249328975754,0.9823211093084246,0.0001220736439282145
